10,22602054,
100,22600302,
1000,22602576,
1005,22600781,
1010,22602469,
1015,22602616,
1020,22603199,
1030,22600797,
1035,22600797,
1040,22600797,
1050,22602474,
1060,,5870082924
1070,22602475,
1080,22600836,
1085,22600842,
1090,22600846,
110,,5870044905
1100,22600849,
1110,22602502,
1120,,5870047764
1130,,5870100508
1140,22601767,
115,,5870108916
1150,22600870,
1160,22600876,
1180,22605913,
1190,22602539,
120,22602103,
1200,22600892,
1210,22600893,
1220,22602541,
1230,22600899,
1240,22605163,
125,22605622,
1250,22603260,
1260,22602559,
1265,22602559,
1270,22602563,
1280,22600937,
1290,22600940,
130,22602110,
1300,22602567,
1310,22604358,
1320,22605576,
1325,,5870054650
1330,22600948,
1340,22600951,
1380,22605581,
1390,22602584,
140,22602111,
1400,22605224,
1410,22600986,
1420,22600990,
1430,22600991,
1440,22600995,
145,,5870048354
1460,22600996,
1470,22600997,
1480,22601001,
1490,22602601,
150,22600327,
1500,22601006,
1510,22601008,
1520,22602615,
1530,22603333
1540,22603336
1550,22601026
1555,22605529
1560,22605530
1570,22601016
1580,22605524
1590,22601019
160,22605511
1600,22601022
1610,22601035
1620,22605724
1630,22601042
1640,22602648
165,22600330
1650,22602648
1660,22602648,
1670,22602654,
1690,22601065,
170,,5870080142
1700,22605591,
1710,22602696,
1715,22602697,
1720,22603393,
1730,22601078,
1740,22601081,
1750,22601082,
1760,22605592,
1770,22605597,
1780,22601090,
1790,22601091,
180,22602141,
1800,,5870063207
1805,,5870050836
1806,,5870050822
1807,,5870050829
1810,22601114,
1815,22602740,
1840,22605589,
1850,22601127,
1860,22605590,
1870,,5870026040
1880,,5870080384
1885,22600219,
1890,,5870062203
190,22605544,
1900,22601134,
1910,22601138,
1911,22601139
1920,22601142
193,22602174
1930,22601144
1940,22605598
1945,22602754
195,22602174
1950,22602013
1960,22605701
1963,22602020
1970,22605696
1975,22605653
1980,22605653
1981,22605653
1983,22602785
1985,22601178
20,,5870099397
200,,5870088501
2001,,5870083158
2002,,5870113384
2003,,5870083259
2004,,5870109183
2005,,5870091105
2006,,5870062127
2007,,5870091355
2008,,5870100794
2009,,5870038108
2010,,5870063438
2012,,5870005471
2013,,5870005470
2014,,5870110057
2015,,5870024732
2016,,5870109425
2017,,5870046640
2018,,5870109162
2019,,5870109284
2020,,5870040574
2021,,5870059390
2022,,5870111779
2023,,5870111779
2024,,5870098662
2025,,5870093822
2026,,5870051309
2027,,5870066997
2028,,5870066997
2030,,5870113383
2031,,5870035572
2032,,5870110059
2033,,5870067089
2034,,5870097522
2035,,5870014752
2036,,5870020025
2037,,5870112007
2038,,5870112006
2039,,5870063439
2040,,5870063433
2041,,5870110061
2042,,5870060521
2043,,5870054826
2044,,5870054826
2045,,5870067138
2046,,5870039424
2047,,5870064670
2048,,5870062823
2049,,5870032136
2050,,5870067413
2052,,5870040740
2053,,5870109245
2054,22605673,
2057,,5870075123
2063,,5870094209
2065,,5870112629
2066,,5870012360
2067,,5870064780
2071,,5870014746
2073,,5870097498
2074,,5870054793
2076,,5870056522
2077,,5870041309
2078,22602475,
2079,,5870077877
2080,,5870114524
2081,,5870116236
2083,22600393,
2084,22602070,
2088,,5870034574
2089,,5870110932
2096,,5870113512
2098,,5870113858
2099,,5870116237
2103,,5870093868
220,22602196,
240,,5870042562
250,22602206,
2500,,5870097143
2505,22602483,
2510,,5870048347
2530,22600593,
2560,,5870039423
2570,,5870032980
2580,,5870114024
2595,,5870044199
260,,5870079104
2600,,5870034546
2601,22602475,
2602,,5870063389
2603,,5870051327
2604,,5870048704
2605,22603272,
2606,,5870063474
2607,,5870074951
2608,,5870090527
2609,,5870110054
2610,,5870076426
2611,,5870076033
2612,,5870030113
2613,,5870113168
270,22602208,
280,,5870039213
30,22602058,
300,22602218,
3001,,5870115849
3002,,5870114890
3003,,5870115821
3004,,5870115821
3005,,5870115365
3007,,5870116181
3008,,5870115680
3010,22605497,
3011,,5870115569
3012,,5870116192
3013,,5870116202
3015,,5870116209
3016,,5870116177
3017,,5870116185
3018,,5870116189
3019,22605479,
3020,22601316,
3021,22603333,
3023,,5870029997
3024,,5870115848
3025,,5870040508
3026,,5870116191
3027,,5870116198
3028,,5870114883
3029,,5870077877
3031,22605473,
3032,,5870116176
3033,,5870115822
3035,,5870116173
3036,,5870111600
3037,,5870116179
3038,,5870116193
3039,,5870059619
3040,,5870116187
3041,,5870116197
3043,,5870116201
3044,,5870116175
3045,22602178,
3046,22602637,
3047,,5870093866
3049,,5870113156
3050,,5870116199
3051,,5870088214
3052,,5870115859
3053,,5870116203
3054,,5870114524
3055,,5870090527
3056,,5870075017
3057,,5870116180
3058,,5870116186
3059,,5870116196
3061,22602552,
3062,,5870116190
3064,,5870116194
3065,22602768,
3066,,5870116184
3067,,5870116195
3068,22602287,
3069,,5870082237
3070,,5870116188
3071,,5870116183
3072,,5870116174
3074,22602419,
3075,,5870116210
3078,,5870077760
3079,,5870019263
3080,,5870113557
3081,,5870116178
3082,,5870064168
3083,,5870114799
3085,,5870060822
3086,,5870070395
3088,22602641,
3089,,5870116182
3090,22600945,
3091,22605426,
3092,,5870012184
3094,,5870078457
3095,22602196,
3098,,5870074328
3099,,5870114463
310,22602218,
3100,,5870113690
3101,,5870040570
3102,,5870109307
3103,,5870098728
3104,,5870113691
3105,,5870113644
3106,,5870116211
312,22602218,
315,,5870049943
320,22600452,
3201,,5870115105
3202,,5870115111
3203,,5870115097
3204,,5870115098
3206,,5870115094
3207,,5870115096
3208,,5870115082
3209,,5870115093
3210,,5870115081
3211,,5870115091
3215,,5870115095
3216,,5870115090
3217,,5870115089
3218,,5870115085
3219,,5870115092
3222,,5870115084
3223,,5870115101
3224,,5870115108
3226,,5870115107
3228,,5870115102
3229,,5870115110
3230,,5870115100
3232,,5870115103
3233,,5870115106
3234,,5870115109
3236,,5870076858
3237,,5870018019
3238,,5870026279
3239,,5870078564
325,,5870053254
330,22605443,
340,22605447,
350,22605449,
351,22600461,
355,,5870034363
360,22605456,
361,22600471,
370,22600472,
390,22600489,
395,22602265,
40,22602058,
400,22602267,
410,22601452,
4101,22604701,
4103,22605693,
4105,22602059,
4107,22602060,
4109,22604703,
4111,22602063,
4113,22602068,
4114,22604707,
4115,22602072,
4116,22602078,
4117,22602079,
4119,22604716,
4123,,5870033238
4124,22600290,
4126,22602085,
4128,22604727,
4130,22602090
4131,22604729
4132,22603586
4135,22604737
4136,22602102
4138,22603587
4140,22602109
4142,22602116
4143,22602117
4146,22600325
4147,22604763
4148,22603628
4149,22600330
4151,22602124
4152,22602125
4153,22600334
4154,22605416
4158,22605426
4160,22604762
4164,22605743
4166,22605420
4168,22602141
4170,22605422
4172,22603649
4174,22602662
4176,22604778
4178,22603378
4180,22600364
4182,22602148
4184,22602151
4186,22600376
4188,22602160
4190,22602161
4192,22605499
4199,22602168
420,22605458
4200,22605900
4201,22604795
4203,22602174
4205,22602175
4207,22602181
4209,22605744
4211,22604800
4213,22604801
4215,22602192
4217,22602195
4219,22605279
4220,22603727
4221,22602206
4223,22600425
4230,22604823
4231,22602207
4232,22600438
4233,22602209
4234,22605698
4235,22602210
4237,22602212
4238,22604826
4239,22602215
4240,22604827
4241,22602216
4243,22604831
4244,22602221
4245,22600446
4246,22600451
4247,22605443
4249,22602230
4251,22605445
4253,22602236
4255,22602239
4257,22602241
4259,22605449
4261,22600461
4263,22605895
4267,22600473
4272,22604868
4276,22602257
4278,22604877
4279,22604874
4282,22602258
4284,22602259
4286,22602261
4288,22603821
4289,22604885
4290,22605457
4292,22603382
4297,22604899
4299,22602281
430,22602281
4300,22605459
4301,22605460
4303,22600519
4305,22600523
4308,22603877
4309,22600527
4310,22605466
4311,22602291
4316,22602299
4318,22602302
4322,22602307
4324,22605746
4326,22602314
4328,22604928
4329,22600558
4330,22602319
4331,22605474
4332,22604938
4336,22600564
4339,22604942
4340,22604943
4341,22605478
4342,22602333
4343,22600582,
4345,22605687,
4347,22604955,
4348,22602336,
4349,22605747,
4351,22604956,
4353,22602343,
4355,22602344,
4359,,5870116194
4361,22602347,
4363,22602352,
4365,22602355,
4367,22602356,
4368,22600602,
4369,22604969,
4371,22604970,
4373,22603989,
4380,22600606,
4382,22605485,
4384,22605487,
4386,22604976,
4388,22602365,
4390,22602368,
4392,22602369,
4394,22602370,
4395,22604003,
4396,22604988,
4398,22605748,
440,,5870019594
4400,22602375,
4402,22604992,
4404,22602379,
4406,22605908,
4408,22605749,
4410,22602381,
4414,,5870080260
4416,22605010,
4418,22605013,
4420,22602394,
4422,22605907,
4424,22605018,
4426,22605905,
4428,22602395,
4430,22602398,
4431,22604984,
4432,22602675,
4434,22600653,
4435,22605024,
4436,22605620
4437,22604979
4441,22605032
4443,22602406
4445,22605878
4454,22603130
4456,22605051
4457,22605519
4459,22600694
4461,22602419
4465,22602426
4467,22605059
4469,22605061
4471,22602427
4473,22605069
4475,22602432
4477,22605070,
4479,22600728,
4481,22600735,
4483,22602439,
4485,22605595,
4487,22600742,
4489,22602445,
4491,22600757,
4493,22602450,
4497,22605096,
45,,5870049906
450,,5870026059
4500,22602451,
4501,22602452,
4502,22604165,
4504,22602457,
4505,22602458
4507,22602678
4509,22602459
4510,22605091
4511,22605287
4512,22600781
4513,22600786
4514,22600787
4515,22602468
4517,22602469
4519,22604195
4521,22602471
4522,22601716
4523,22605099
4525,22605101
4529,22600802
4531,22602479
4533,22602480
4537,22604213
4539,22605507
4541,22602483
4543,22605113
4544,22602487
4548,22605915
4549,22600835
455,22602323
4550,22600845
4552,22602682
4554,22605122
4556,22602502
4561,22605133
4562,22602507
4563,22600865
4567,22602513
4568,22605140
4569,22600871
4571,22602515
4573,22602517
4575,22605143
4579,22602520
4584,22602531
4586,22605913
4588,22600884
4590,22602534
4592,22602535
4594,22605153
4596,22600891
4597,22605160
460,,5870019812
4600,22605163,
4602,22605898,
4603,22605575,
4604,22605752,
4605,22600911,
4613,22602552,
4615,22605514,
4617,22605513,
4619,22605531,
4621,22605182,
4623,22602558,
4626,22602561,
4627,,5870077154
4628,22602563,
4630,22602565,
4632,22600933
4633,22600936
4634,22605192
4635,22605194
4637,22604358
4638,22600163
4640,22602686
4642,22602568
4644,22600946
4646,22605200
4648,22602574
4651,22600937
4652,22602578
4654,22602579
4656,22602581
4659,22605579
4660,22600972,
4663,,5870020108
4664,22602560,
4665,22605526,
4667,22601028,
4668,22602622,
4669,22605528,
4670,22605217,
4672,22605221,
4674,22605224,
4675,22602596,
4677,22602594,
4679,22600992,
4681,22602598,
4683,22605230,
4685,22605231,
4687,22602601,
4693,22602614,
4695,22602612,
4697,22601013,
4698,22605244,
4699,22602617,
470,,5870080105
4701,22602618,
4702,22605245,
4705,22602633,
4706,22603353,
4709,22602644,
4710,22601048,
4712,22605267,
4717,22602658,
4718,22605697,
4719,22602660,
4721,22601076,
4722,22602701,
4723,22605308,
4724,22604562,
4725,22603411,
4726,22602707,
4727,22602702,
4728,,5870063207
4730,22605310,
4731,22605314,
4732,,5870033260
4733,22601108,
4734,22605536,
4735,22605753,
4736,22601111,
4742,22605684
4744,22604589
4746,22604590
4748,22601116
475,22600770
4750,22604591
4751,22601118
4753,22605332
4755,22601123
4757,22605337
476,22600993
4762,22601137
4763,22605555
4764,22602751
4767,22605351
4769,22601161
4771,22602693,
4773,22601162,
4774,22602764,
4775,22602766,
4776,22602767,
4777,22602768,
4779,22605550,
4781,22602694,
4783,22605703,
4785,22605675,
4792,22601178,
480,,5870063254
490,22603045,
50,,5870080168
500,22600569,
510,22604943,
5105,22602061
5109,22600262
5111,22602069
5113,22602070
5115,22600269
5117,22600274
5119,22600279
5121,22602074
5123,22600284
5125,22600286
5130,22602083
5132,22602086
5134,22602087
5136,22602088
5138,22602093
5140,22602094
5142,22602095
5143,22602096
5144,22605411
5145,22600302
5148,22605699
5150,22600307
5152,22602661
5154,22602104
5156,22605622
5158,22602119
5159,22600327
5160,22605511
5162,22602123
5164,22605396
5166,22602132
5168,22605455
5170,22600349
5172,22602138
5174,22602139
5176,22602146
5178,22602147
5180,22601315
5182,22600369
5183,22605425
5184,22602163
5186,22600384
5188,22602164
5190,22602166
5192,22602663
5195,22601334
5197,22602170
5199,22602173
520,22600576
5201,22600392
5203,22602176
5205,22602177
5207,22602178
5209,22605668
5213,22602183
5215,22601069
5217,22602189
5219,22602191
5221,22600413
5223,22600416
5225,22602201
5229,22604815
5231,22602666
5233,22600439
5235,22602217
5237,22602219
5239,22600447
5241,22600449
5243,22600452
5247,22602229
5249,22602232
5251,22605447
5253,22602235
5255,22602237
5256,22602238
5258,22602668
5260,22602242
5262,22602243
5266,22602246
5268,22602248
5270,22605456,
5272,22600471,
5274,22600472,
5279,22600475,
5280,22602964,
5281,22602254,
5283,22600489,
5285,22600490,
5286,22602262,
5287,22600493,
5291,22602267,
5293,22602268,
5297,22602271,
530,,5870042555
5301,22602275,
5302,22603382,
5305,22605458
5310,22602279
5312,22600521
5314,22600530
5316,22600535
5318,22602290
5325,22602296
5327,22602297
5329,22602299
5331,22602303
5333,22602304
5335,22600544
5337,22600546
5339,22602311
5341,22602312
5343,22602323
5344,22602324
5345,22602325
5350,22600569
5352,22600570
5354,22602329
5356,22605448
5358,22600576
5362,22602338
5364,22600590
5366,22600591
5368,22600592
5372,22600593
5374,22602354
5376,22602358
5377,22602361
5382,22600605
5383,22605761,
5384,22600609,
5386,22602367,
5388,22602371,
5390,22602372,
5392,22600616,
5394,22602376,
5396,22602374,
5398,22600636,
540,,5870082180
5400,22605690,
5402,22602388,
5404,22602390,
5406,22602392,
5408,22600644,
5410,22602397,
5412,22600651
5414,22602401
5416,22600657
5421,22602407
5423,22600663
5426,22600669
5428,22602410
5433,22602411
5435,22600673
5437,22600679
5441,22602413
5443,22602414
5445,22602416
5447,22602417
5449,22600687
5451,22600689
5454,22600691
5456,22600698
5458,22602423
5460,22602424
5462,22605501
5464,22600723
5466,22600727
5468,22605502
5470,22602437
5472,22602442
5474,22602444
5476,22600746
5477,22600749
5478,22600124
5483,22600958
5485,22605653
5487,22602462
5489,22602463
5491,22602467
5495,22600797
5496,22601723
5499,22600801
550,22602344
5501,22602475
5503,22600806
5505,22602477
5507,22600810
5508,22605559
5509,22602681
5510,22604221
5511,22602488
5513,22605518
5515,22602491,
5516,22600836,
5518,22600842,
5519,22600846,
5520,22600849,
5522,22600850,
5524,22600851,
5526,22602498,
5528,22602499,
5530,22602503,
5535,22600861,
5537,22602506,
5539,22605619,
5540,,5870062203
5541,22600870,
5542,22605570,
5543,22605571
5544,22602516
5546,22600876
5548,22602521
5550,22602522
5552,22600882
5554,22602524
5556,22602527
5558,22602528
5560,22602529
5562,22602684
5563,22602685
5564,22602530
5566,22603246
5568,22602539
5570,22600892
5572,22600893
5574,22602542
5576,22602543
5578,22602544
5580,22600899
5581,22600901
5582,22600908
5584,22602546
5586,22605510
5588,22602547
5590,22602549
5595,22600916
5597,22605764
560,22600590
5600,22602559
5602,22602565
5604,22600937
5606,22602566
5608,22600939
5610,22600940
5612,22600941
5614,22602567
5615,22604359
5616,22602687
5618,22602569
5620,22600945
5624,22600948
5626,22600951
5628,22602572
5632,22600961
5634,22602580
5636,22602582
5638,22602583
5640,22605581
5642,22602584
5647,22601016
5649,22605524
5651,22601018
5653,22601019
5657,22601023
5659,22601026
5661,22602589
5662,22602593
5663,22600986
5665,22600990
5667,22600991
5669,22600994
5671,22600995
5673,22600996
5674,22600997
5675,22601000
5677,22601001
5679,22605582
5681,22602600
5683,22602602
5684,22602603
5685,22601006
5687,22601008
5689,22601010
5691,22602609
5693,22605442
5695,22605523
5697,22602613
5699,22602689
570,22602352
5701,22602632
5703,22605705
5705,22602636
5707,22602637
5709,22602639
5711,22602642
5713,22605724
5715,22601042
5717,22601045
5719,22602646
5721,22601055
5723,22602647
5725,22602650
5726,22602651
5727,22602653
5729,22602655
5731,22601065
5733,22605591
5735,22601066
5739,22601078
5741,22601081
5743,22601082
5745,22605592
5747,22605597
5751,22601090
5753,22601091
5754,22605586
5755,22602708
5757,22602722
5760,22602724
5762,22602725
5764,22602726
5766,22601114
5770,22602728
5772,22602691
5774,22602730
5776,22602734
5778,22601121
5780,22602735
5782,22602736
5784,22605656
5786,22605589
5788,22601127
5794,22602739
5796,22605649
5798,22602742
580,22600592
5800,22602743
5802,22605423
5803,22602747
5804,22605547
5806,22601134
5808,22601138
5810,22601139
5812,22600219
5814,22601142
5816,22602753
5818,22601144
5820,22605598
5822,22601146
5824,22602756
5830,22602758
5832,22605701
5834,22602760,
5836,22601160,
5838,22605682,
5840,22602775,
5846,22602779,
5848,22602781,
5849,22601172,
5851,,5870116204
590,22600593,
60,22602061,
600,22600599,
6001,22602806,
6002,22602054,
6003,22600254,
6005,22602057,
6006,22602811,
6007,22602058
6009,22600258
6011,22600259
6012,22603525
6013,22602067
6014,22605398
6015,22602814
6016,22601220
6017,22600267
6018,22600268
6019,22601223
6020,22605392
6021,22600270
6022,22602822
6024,22600272
6025,22600273
6027,22605636
6029,22601234
6030,22602835
6031,22600280
6032,22602076
6033,22602077
6034,22600285
6036,22602080
6037,22603376
6041,22602081
6042,22602084
6043,22601253
6044,22605405
6046,22600296
6048,22605685
6050,22602097
6052,22602098
6053,22605512
6054,22602100
6056,22601269
6058,22601272
6060,22601273
6062,22602103
6064,22605700
6065,22602108
6067,22602110
6069,22600315
6070,22602111
6072,22602113
6073,22600317
6075,22600318
6077,22602847
6081,22602118
6083,22601279
6084,22601281
6087,22600328
6088,22602120
6089,22601288
6091,22602122
6095,22600333
6097,22602127
6099,22601298
6100,22602859
6102,22601300
6104,22602134
6105,22602136
6106,22602135
6108,22602867
6109,22602140
6110,22602142
6114,22601306
6118,22601310
6120,22601314
6121,22600365
6123,22601315
6125,22602150
6127,22601316
6128,22602880
6129,22605695
6130,22600374
6132,22602154
6134,22601322
6136,22601324
6137,22602156
6139,22600380
6140,22602159
6142,22602885
6143,22605508
6144,22601331
6146,22600387
6150,22602171
6151,22602172
6153,22602888
6155,22602889
6157,22602180
6158,22601349
6159,22602664
6161,22602184
6163,22601352
6164,22601353
6166,22602893
6167,22602186
6168,22602187
6170,22601354
6171,22602190
6172,22605430
6176,22602896
6177,22602194
6179,22601355
6180,22602899
6181,22601359
6183,22602903
6185,22602197
6186,22602196
6187,22601362
6188,22602905
6189,22605671
6190,22605484
6191,22601367
6193,22600414
6198,22602913
620,22600609
6202,22602919
6204,22600419
6206,22602203
6208,22602205
6210,22600421
6212,22604818
6213,22605438
6214,22605437
6215,22605472
6216,22602924
6218,22602208
6220,22601381
6222,22600437
6224,22602211
6226,22605440
6227,22602213
6228,22602214
6230,22601392
6232,22602218
6234,22602222
6236,22601399
6238,22602223
6239,22602940
6240,22605444
6242,22602225
6244,22602227
6246,22602231
6248,22601420
6250,22600454
6252,22602240
6253,22601425
6254,22605704
6256,22602244
6259,22602247
6261,22602955
6263,22602253
6268,22601432
6272,22602966
6273,22601433
6274,22602255
6275,22600478
6277,22602969
6279,22600481,
6281,22601436,
6283,22602974,
6285,22603380,
6287,22602977,
6289,22602978,
6290,22602264,
6291,22602265,
6292,22602266,
6293,22601446,
6295,22600494,
6296,22600495,
6298,22601451,
6299,22600498,
630,,5870077003
6300,22601452,
6301,22601454
6302,22602269
6304,22600503
6305,22605395
6306,22602988
6307,22602669
6310,22600507
6312,22602276
6314,22602991
6316,22602277
6317,22602280
6319,22602282
6321,22601469
6323,22600512
6324,22601472
6325,22602283
6327,22601474
6328,22601475
6329,22602284
6331,22605461
6333,22602287
6334,22601481
6335,22601483
6336,22603000
6338,22605468
6342,22601490
6343,22602292
6344,22603013
6347,22603018
6348,22600541
6349,22605471
6350,22602298
6352,22601500
6354,22602305
6355,22602306
6356,22603028
6357,22602310
6358,22601504
6360,22600555
6362,22603034
6363,22602318
6364,22603036
6365,22603037
6366,22603038
6368,22601513
6369,22603039
6371,22603040
6376,22602672
6378,22603046
6379,22601518
6380,22602328
6387,22605476
6389,22601524
6391,22603384
6395,22602332
6398,22600579
6399,22600580
640,22602368
6401,22600581
6403,22601528
6404,22603056
6406,22602334
6408,22603058
6410,22601538
6412,22602341
6413,22602342
6415,22601073
6416,22605479
6417,22602349
6418,22600595
6420,22600598
6423,22602353
6425,22602357
6426,22605568
6428,22602362
6430,22600610
6432,22601553
6434,22601554
6435,22601555
6436,22603069
6438,22601557,
6440,22603072,
6441,,5870011869
6442,22603074,
6443,22601560,
6444,22601563,
6446,22602378,
6447,22602380,
6448,22603080,
6450,22601567,
6452,22603088,
6454,22605727,
6456,22603087,
6458,22602674,
6460,22603092,
6462,22601578,
6463,22602389
6464,22601579
6466,22603093
6467,22603094
6468,22600645
6470,22601584
6471,22602399
6472,22602396
6473,22602400
6474,22605560
6475,22602404
6477,22600655
6478,22601595
6480,22600658
6483,22601601
6485,22602408
6487,22603114
6488,22602409
6489,22603115
6491,22600674
6492,22603118
6494,22602412
6496,22601609
6498,22605562
6499,22603120
650,22602370
6501,22601610
6503,22602415
6507,22603123
6508,22605050
6509,22601616
6511,22601617
6516,22605723,
6517,22605500,
6518,22602421,
6520,22601640,
6521,22602422,
6523,22603143,
6525,22601644,
6526,22602424,
6527,22603391,
6529,22600708,
6531,22603144,
6533,22602428,
6534,22602429,
6535,22602430,
6537,22601653,
6538,,5870032396
6539,22602431
6541,22601656
6542,22601657
6543,22602677
6545,22602435
6547,22601661
6550,22601662
6552,22601664
6554,22600744
6556,22603161
6558,22601667
6559,22602447
6561,22603167
6562,22603168
6564,22602448
6566,22600754
6567,22602449
6568,22601671
6574,22605391
6575,22602455
6576,22602456
6577,22603179
6579,22600773
6580,22605751
6581,22601700
6583,22602461
6584,22602460
6585,22603185
6586,22605505
6587,22603187
6589,22605732
6591,22603192
6593,22601946
6595,22601717
6597,22603199
660,22604003
6600,22602473
6601,22602474
6603,22605676
6605,22600813
6606,22602481
6607,22601727
6609,22600817
6611,22602484
6613,22600819
6615,22600827
6617,22601732
6619,22602486
6621,22601733
6622,22601734
6623,22603393
6627,22602493
6630,22603213
6632,22602494
6634,22603214
6636,22602497
6638,22602500
6642,22603225
6644,22603226
6645,22600854
6646,22602504
6648,22605569
6650,22602505
6652,22603233
6654,22600867
6656,22603234
6658,22601767
6659,22605904
6660,22602512
6662,22603237
6664,22605572
6665,22605573
6666,22605509
6669,22603241
6670,22602525
6672,22602536
6674,22602533
6675,22603247
6676,22603249
6678,22603252
6680,22602538
6682,22601791
6683,22602540
6684,22602541
6686,22603260
6688,22605390
6690,22602545
6692,22602548
6693,22603271
6694,22603272
6696,22603273
6698,22600915
670,22602372
6700,22603277
6701,22603278
6702,22603279
6703,22602555
6706,22600925
6708,22602562
6710,22600932
6716,22603285
6720,22601823
6722,22605576
6723,22603293
6724,22602571
6726,22600954
6727,22602573
6728,22602576
6729,22603296
6730,22603297
6731,22600958
6732,22600962
6733,22600959
6734,22600964
6736,22601846
6737,22601834
6738,22602586
6741,22603336
6742,22602621
6743,22603337
6744,22605525
6745,22602624
6746,22605527
6747,22601026
6748,22601896
6749,22602629
6750,22605530
6751,22602587
6752,22602630
6753,22603304
6754,22601022
6755,22603307
6757,22601855
6759,22601857
6761,22603309
6763,22603310
6765,22603311
6767,22601862
6769,22601864
6773,22601002
6775,22602599
6777,22603323
6778,22602604
6779,22601871
6781,22603325
6783,22601011
6785,22605621
6786,22601883
6787,22603331
6789,22603399
6791,22603333
6793,22603350
6797,22602635
6799,22601035
680,22600616
6801,22601903
6803,22603415
6805,22602641
6807,22603357
6809,22601038
6811,22601909
6813,22601910
6814,22603360
6816,22603365
6818,22602643
6820,22603366
6821,22602645
6822,22601916
6824,22603367
6826,22601052
6828,22601922
6830,22601923
6831,22602649
6832,22602652
6834,22602654
6836,22603370
6837,22602656
6838,22602657
6840,22601929
6842,22602695
6843,22602696
6845,22602698
6846,22602699
6847,22602700
6849,22603405
6850,22605897
6851,22601960
6852,22602704
6853,22601962
6854,22601965
6855,22603410
6856,22602705
6857,22601968,
6858,22602706,
6860,22602711,
6864,22602714,
6866,22602716,
6868,22601104,
6870,22602717,
6872,22602719,
6873,22602721,
6874,22602720,
6875,22601110,
6876,22602727,
6877,22603425,
6879,22601978,
6880,,5870020108
6881,22601980,
6883,22603428
6885,22602732
6887,22601985
6891,22601987
6893,22601125
6895,22601989
6896,22605588
6897,22605546
6898,22601128
6899,22605633
6900,22605590
6901,22603436
6902,22602740
6904,22601997
6906,22605702
6908,22603444
6909,22603445,
6910,22602748,
6912,22602749,
6913,22602004,
6914,22602750,
6915,22603452,
6916,,5870033160
6917,22603453,
6919,22602754,
6921,22602755,
6923,22602007,
6924,22602013,
6925,22603455,
6926,22602015,
6927,22602016,
6928,22602785,
6929,22602020,
6931,22602765,
6933,22601163,
6935,22601166,
6937,22602028,
6938,22602029,
6941,22605696,
6943,22603470,
6945,22603475,
6947,22603476,
6952,22602787,
6954,22602786,
70,,5870076679
700,,5870011869
7000,22602064,
7001,22600267,
7002,22602103
7005,22602167
7009,22604832
7010,22600524
7011,22602295
7012,22605473
7014,22601520
7015,22600599
7016,22605483
7020,22605498
7025,22605901
7026,22602544
7027,22602544
7028,22605898
7030,22603175
7035,22601901
7036,22603376,
7037,22601950,
7038,22605683,
7039,22605161,
7040,22603053,
7041,22605497,
7042,22602169,
7043,22602438,
7044,22605431,
710,22605761,
7242,22602353,
725,,5870046641
7262,22603411,
7265,,5870115849
730,22600636,
735,22600635,
740,22605559,
7401,22603045,
7402,22604862,
7410,,5870109314
7411,22605690,
7412,22603130,
7413,,5870018019
7414,22602469,
7416,,5870090527
7417,22600958,
7418,,5870116063
7419,22601908,
7421,22602689,
7422,,5870090527
7423,22605696,
7424,,5870109315
7425,22605685
7428,22600895
7429,22605769
7430,22605754
7432,22605734
7433,22605738
7434,22605737
7435,22605760
7436,22605763
7438,22605739
7439,22605759
7440,22605741
7441,22605400
7442,22605756
7443,22605735
7444,22602402
750,22600651,
760,22600657,
770,22600669,
780,22602410,
790,,5870040707
795,,5870091193
80,22602822,
800,22605562,
805,22601610,
810,,5870032680
820,22600689,
83,22600284,
830,22600698,
85,,5870088737
850,22602424,
860,,5870066516
865,,5870037789
870,22600727,
880,22601662,
885,,5870082553
890,,5870079679
895,22603161,
90,22602087,
900,22600749,
910,22600754,
915,22600124,
930,,5870113044
940,,5870080510
945,,5870079986
950,22604165,
960,22603179,
970,22600773,
980,,5870093402
990,22602287,
